/*
---------------------------------------------------------
	수정일 				수정사항
---------------------------------------------------------
	2022-03-28			RESERVATION_TBL (R_GUBUN CHAR(1)) 추가
	2022-03-28			RESERVATION_TBL (R_GUBUN CHAR(1)) 삭제 
	2022-03-28			RESERVATION_DETAIL_TBL (R_GUBUN CHAR(1)) 추가 

*/


CREATE TABLE HOST_TBL(
	 HOST_ID		CHAR(4)				PRIMARY KEY
	,HOST_NUM		VARCHAR(20)		NOT NULL
	,HOST_NAME		VARCHAR(20)		NOT NULL
	,GRP_ID			CHAR(6)				NOT NULL
	,HOST_LVL		CHAR(6)				NOT NULL
);
INSERT INTO HOST_TBL (HOST_ID, HOST_NUM, HOST_NAME, GRP_ID, HOST_LVL)
VALUES('H001','123-45','지수빈','GRP004','COM001');

INSERT INTO HOST_TBL (HOST_ID, HOST_NUM, HOST_NAME, GRP_ID, HOST_LVL)
VALUES('H002','081-42','김수민','GRP004','COM002');

INSERT INTO HOST_TBL (HOST_ID, HOST_NUM, HOST_NAME, GRP_ID, HOST_LVL)
VALUES('H003','080-87','김도현','GRP004','COM002');

INSERT INTO HOST_TBL (HOST_ID, HOST_NUM, HOST_NAME, GRP_ID, HOST_LVL)
VALUES('H004','071-58','박승연','GRP004','COM002');

INSERT INTO HOST_TBL (HOST_ID, HOST_NUM, HOST_NAME, GRP_ID, HOST_LVL)
VALUES('H005','042-21','김예진','GRP004','COM001');


CREATE TABLE CUSTOMER_TBL(
	 CUST_ID		CHAR(4)			PRIMARY KEY
	,CUST_NAME		VARCHAR(9)		NOT NULL
	,CUST_TEL		VARCHAR(13)	NULL
	,GUBUN			CHAR(1)			NOT NULL 
);

INSERT INTO CUSTOMER_TBL(CUST_ID, CUST_NAME, CUST_TEL, GUBUN) VALUES('C001', '정은혜', '010-4733-9271', 'C');
INSERT INTO CUSTOMER_TBL(CUST_ID, CUST_NAME, CUST_TEL, GUBUN) VALUES('C002', '박희영', '010-7749-1242', 'C');
INSERT INTO CUSTOMER_TBL(CUST_ID, CUST_NAME, CUST_TEL, GUBUN) VALUES('C003', '최정민', '010-8722-0565', 'C');
INSERT INTO CUSTOMER_TBL(CUST_ID, CUST_NAME, CUST_TEL, GUBUN) VALUES('B001', '김혜지', NULL, 'B');

CREATE TABLE COMMONS_TBL
    (
        GRP_VAL 	VARCHAR(100) 	NOT NULL, 	--그룹이름
        GRP_ID  	CHAR(6)     	NOT NULL, 	--그룹코드
        COM_VAL 	VARCHAR2(100)  NOT NULL, 	--공통코드내용
        COM_ID  	CHAR(6)   		NOT NULL,  --공통코드  
        COM_LVL 	NUMBER(1,0)    NOT NULL,  	--공통코드 레벨
        PARENT_ID   CHAR(6) 		NOT NULL,  --부모코드
        EXC_VAL 	VARCHAR(20)    NULL,   	--예외1
        EXC_VAL2 	VARCHAR(20)    NULL   		--예외2
    );
    
--지역코드 GRP001

--최상위 
    INSERT INTO COMMONS_TBL VALUES('지역','GRP001','ROOT','COM000',0,'ROOT','','');

--지역 COM000
    INSERT INTO COMMONS_TBL VALUES('지역','GRP001','서울','COM001',1,'COM000','','');
    INSERT INTO COMMONS_TBL VALUES('지역','GRP001','대전','COM002',1,'COM000','','');
    INSERT INTO COMMONS_TBL VALUES('지역','GRP001','부산','COM003',1,'COM000','','');
    
     -- 서울 COM001
     INSERT INTO COMMONS_TBL VALUES('지역','GRP001','용산구','COM004',2,'COM001','','');
     INSERT INTO COMMONS_TBL VALUES('지역','GRP001','마포구','COM005',2,'COM001','','');
     INSERT INTO COMMONS_TBL VALUES('지역','GRP001','서초구','COM006',2,'COM001','','');
     
     -- 대전 COM002
     INSERT INTO COMMONS_TBL VALUES('지역','GRP001','유성구','COM007',2,'COM002','','');
     INSERT INTO COMMONS_TBL VALUES('지역','GRP001','중구','COM008',2,'COM002','','');
     
     -- 부산 COM003
     INSERT INTO COMMONS_TBL VALUES('지역','GRP001','해운대구','COM009',2,'COM003','','');
     INSERT INTO COMMONS_TBL VALUES('지역','GRP001','진구','COM010',2,'COM003','','');
        
        
---- 건물유형 GRP002

--최상위--
INSERT INTO COMMONS_TBL VALUES('건물유형','GRP002','ROOT','COM100', 0 ,'ROOT','','');


    -- 건물 ROOT
    INSERT INTO COMMONS_TBL VALUES('건물유형','GRP002','아파트','COM001',1 ,'COM100','','');
    INSERT INTO COMMONS_TBL VALUES('건물유형','GRP002','주택','COM002',1,'COM100','','');
    INSERT INTO COMMONS_TBL VALUES('건물유형','GRP002','호텔','COM003',1,'COM100','','');
    
        --아파트 COM0001
        INSERT INTO COMMONS_TBL VALUES('건물유형','GRP002','공동주택','COM004',2 ,'COM001','','');
        INSERT INTO COMMONS_TBL VALUES('건물유형','GRP002','레지던스','COM005',2 ,'COM001','','');

        --주택 COM0002
        INSERT INTO COMMONS_TBL VALUES('건물유형','GRP002','통나무집','COM006',2 ,'COM002','','');
        INSERT INTO COMMONS_TBL VALUES('건물유형','GRP002','오두막','COM007',2 ,'COM002','','');
        
        --호텔 COM0003
        INSERT INTO COMMONS_TBL VALUES('건물유형','GRP002','리조트','COM008',2 ,'COM003','','');
        INSERT INTO COMMONS_TBL VALUES('건물유형','GRP002','레지던스','COM009',2 ,'COM003','','');
        
            --리조트 COM 0008
            INSERT INTO COMMONS_TBL VALUES('건물유형','GRP002','스위트','COM010',3 ,'COM008','','');
            INSERT INTO COMMONS_TBL VALUES('건물유형','GRP002','패밀리','COM011',3 ,'COM008','','');
            INSERT INTO COMMONS_TBL VALUES('건물유형','GRP002','스탠다드','COM012',3 ,'COM008','','');
            
            --리조트 - COM0009
            INSERT INTO COMMONS_TBL VALUES('건물유형','GRP002','스위트','COM013',3 ,'COM009','','');
            INSERT INTO COMMONS_TBL VALUES('건물유형','GRP002','패밀리','COM014',3 ,'COM009','','');
            INSERT INTO COMMONS_TBL VALUES('건물유형','GRP002','스탠다드','COM015',3 ,'COM009','','');
            
---- 편의시설 데이터 GRP003

--최상위
INSERT INTO COMMONS_TBL VALUES('편의시설','GRP003','ROOT','COM200', 0 ,'ROOT','','');

    --편의시설
    INSERT INTO COMMONS_TBL VALUES('편의시설','GRP003','야외수영장','COM001',1 ,'COM200','','');
    INSERT INTO COMMONS_TBL VALUES('편의시설','GRP003','바베큐','COM002',1 ,'COM200','','');
    INSERT INTO COMMONS_TBL VALUES('편의시설','GRP003','정원','COM003',1 ,'COM200','','');
    INSERT INTO COMMONS_TBL VALUES('편의시설','GRP003','흡연장소','COM004',1 ,'COM200','','');
    INSERT INTO COMMONS_TBL VALUES('편의시설','GRP003','무선인터넷','COM005',1 ,'COM200','','');
    INSERT INTO COMMONS_TBL VALUES('편의시설','GRP003','커피메이커','COM006',1 ,'COM200','','');
    INSERT INTO COMMONS_TBL VALUES('편의시설','GRP003','전자레인지','COM007',1 ,'COM200','','');

--호스트 등급  GRP004

-- 최상위 
    INSERT INTO COMMONS_TBL VALUES('호스트등급','GRP004','ROOT','COM300',0 ,'ROOT','','');
    
-- 등급 COM300
    INSERT INTO COMMONS_TBL VALUES('호스트등급','GRP004','A','COM001',1 ,'COM300','4.5','5');
    INSERT INTO COMMONS_TBL VALUES('호스트등급','GRP004','B','COM002',1 ,'COM300','0','4.5');
    
--결제 방식 GRP005

--최상위
    INSERT INTO COMMONS_TBL VALUES('결제방식','GRP005','ROOT','COM400',0,'ROOT','','');

    -- 카드종류
    INSERT INTO COMMONS_TBL VALUES('결제방식','GRP005','카드종류','COM001',1,'COM400','','');
        
        -- 카드
        INSERT INTO COMMONS_TBL VALUES('결제방식','GRP005','카드A','COM002',2,'COM001','0.03',''); --0.03과 0.02는 할인율
        INSERT INTO COMMONS_TBL VALUES('결제방식','GRP005','카드B','COM003',2,'COM001','0.02','');
        
    -- 현금
        INSERT INTO COMMONS_TBL VALUES('결제방식','GRP005','현금','COM004',1,'COM400','','');
   
    -- 마일리지 INSERT INTO COMMONS_TBL VALUES('결제방식','GRP005','마일리지','COM005',1,'COM400','0.05','');--0.05는 적립율
    

CREATE TABLE SCOPE_TBL(
	 R_ID		CHAR(4)			NOT NULL
	,SCOPES		NUMBER(1,0)		NULL		
);

CREATE TABLE LODGING_TBL (
    L_ID          CHAR(4) 		PRIMARY KEY,
    HOST_ID       CHAR(4)		NOT NULL,
    G_GRP_ID      CHAR(6)		NOT NULL,
    G_COM_ID      CHAR(6)		NOT NULL,
    G_COM_ID2     CHAR(6)		NOT NULL,   
    L_GRP_ID      CHAR(6)		NOT NULL,
    L_COM_ID      CHAR(6)		NOT NULL,
	L_COM_ID2     CHAR(6)		NOT NULL,
    L_NAME        VARCHAR2(30)	NOT NULL,
    L_SCOPE       NUMBER(2,1)	NOT NULL,
    CHECKIN_TIME  VARCHAR2(8)	NOT NULL,
    CHECKOUT_TIME VARCHAR2(8)	NOT NULL
);


INSERT INTO LODGING_TBL(L_ID, HOST_ID,G_GRP_ID, G_COM_ID, G_COM_ID2,
                       L_GRP_ID,L_COM_ID, L_COM_ID2,L_NAME,L_SCOPE,CHECKIN_TIME,CHECKOUT_TIME) VALUES
                        ('L001','H001','GRP001','COM001','COM004','GRP002','COM001','COM004','용산아파트',0,
                          '15:00:00', '11:00:00'
                        );
 
INSERT INTO LODGING_TBL(L_ID, HOST_ID,G_GRP_ID, G_COM_ID, G_COM_ID2,
                       L_GRP_ID,L_COM_ID, L_COM_ID2,L_NAME,L_SCOPE,CHECKIN_TIME,CHECKOUT_TIME) VALUES
                        ('L002','H002','GRP001','COM001','COM005','GRP002','COM002','COM006','마포주택',0,
                          '15:00:00','11:00:00'
                        );                        

INSERT INTO LODGING_TBL(L_ID, HOST_ID,G_GRP_ID, G_COM_ID, G_COM_ID2,
                       L_GRP_ID,L_COM_ID, L_COM_ID2,L_NAME,L_SCOPE,CHECKIN_TIME,CHECKOUT_TIME) VALUES
                        ('L003','H003','GRP001','COM001','COM006','GRP002','COM003','COM008','서초 신라호텔',0,
                        '16:00:00', '12:00:00'
                        );
                        
INSERT INTO LODGING_TBL(L_ID, HOST_ID,G_GRP_ID, G_COM_ID, G_COM_ID2,
                       L_GRP_ID,L_COM_ID, L_COM_ID2,L_NAME,L_SCOPE,CHECKIN_TIME,CHECKOUT_TIME) VALUES
                        ('L004','H004','GRP001','COM002','COM007','GRP002','COM001','COM004','유성자이아파트',0,
                          '15:00:00','11:00:00'
                        );

INSERT INTO LODGING_TBL(L_ID, HOST_ID,G_GRP_ID, G_COM_ID, G_COM_ID2,
                       L_GRP_ID,L_COM_ID, L_COM_ID2,L_NAME,L_SCOPE,CHECKIN_TIME,CHECKOUT_TIME) VALUES
                        ('L005','H004','GRP001','COM002','COM008','GRP002','COM003','COM009','중구그랜드호텔',0,
                         '15:00:00', '11:00:00'
                        );
                        
INSERT INTO LODGING_TBL(L_ID, HOST_ID,G_GRP_ID, G_COM_ID, G_COM_ID2,
                       L_GRP_ID,L_COM_ID, L_COM_ID2,L_NAME,L_SCOPE,CHECKIN_TIME,CHECKOUT_TIME) VALUES
                        ('L006','H005','GRP001','COM003','COM009','GRP002','COM003','COM008','해운대조선호텔',0,
                          '15:00:00', '11:00:00'
                        );

INSERT INTO LODGING_TBL(L_ID, HOST_ID,G_GRP_ID, G_COM_ID, G_COM_ID2,
                       L_GRP_ID,L_COM_ID, L_COM_ID2,L_NAME,L_SCOPE,CHECKIN_TIME,CHECKOUT_TIME) VALUES
                        ('L007','H005','GRP001','COM003','COM010','GRP002','COM002','COM007','전포감성주택',0,
                          '16:00:00', '12:00:00'
                        );
                       
                                                           
-- COMMIT;		

CREATE TABLE ROOM_TBL(
	 ROOM_ID	CHAR(5)			PRIMARY KEY
	,L_ID		CHAR(4)			NOT NULL
	,BED		NUMBER(1)		NOT NULL
	,BEDROOM	NUMBER(1)		NOT NULL
	,BATH		NUMBER(1)		NOT NULL
);

--L001
INSERT INTO ROOM_TBL(ROOM_ID, L_ID, BED, BEDROOM, BATH)
VALUES('RO001', 'L001', 1, 1, 1);
INSERT INTO ROOM_TBL(ROOM_ID, L_ID, BED, BEDROOM, BATH)
VALUES('RO002', 'L001', 2, 1, 1);
INSERT INTO ROOM_TBL(ROOM_ID, L_ID, BED, BEDROOM, BATH)
VALUES('RO003', 'L001', 2, 2, 2);

--L002
INSERT INTO ROOM_TBL(ROOM_ID, L_ID, BED, BEDROOM, BATH)
VALUES('RO004', 'L002', 1, 1, 1);
INSERT INTO ROOM_TBL(ROOM_ID, L_ID, BED, BEDROOM, BATH)
VALUES('RO005', 'L002', 2, 1, 1);

--L003
INSERT INTO ROOM_TBL(ROOM_ID, L_ID, BED, BEDROOM, BATH)
VALUES('RO006', 'L003', 1, 1, 1);

--L004
INSERT INTO ROOM_TBL(ROOM_ID, L_ID, BED, BEDROOM, BATH)
VALUES('RO007', 'L004', 2, 1, 1);
INSERT INTO ROOM_TBL(ROOM_ID, L_ID, BED, BEDROOM, BATH)
VALUES('RO008', 'L004', 2, 2, 2);
INSERT INTO ROOM_TBL(ROOM_ID, L_ID, BED, BEDROOM, BATH)
VALUES('RO009', 'L004', 4, 2, 2);

--L005
INSERT INTO ROOM_TBL(ROOM_ID, L_ID, BED, BEDROOM, BATH)
VALUES('RO010', 'L005', 1, 1, 1);
INSERT INTO ROOM_TBL(ROOM_ID, L_ID, BED, BEDROOM, BATH)
VALUES('RO011', 'L005', 2, 1, 1);

--L006
INSERT INTO ROOM_TBL(ROOM_ID, L_ID, BED, BEDROOM, BATH)
VALUES('RO012', 'L006', 3, 2, 1);
INSERT INTO ROOM_TBL(ROOM_ID, L_ID, BED, BEDROOM, BATH)
VALUES('RO013', 'L006', 4, 2, 2);



CREATE TABLE ROOM_DETAIL_TBL(
	ROOM_DETAIL_ID	CHAR(6)		PRIMARY KEY
	,ROOM_ID		CHAR(5)			NOT NULL
	,GRP_ID			CHAR(6)			NOT NULL
	,COM_ID			CHAR(6)			NOT NULL
);

--1번방

INSERT INTO ROOM_DETAIL_TBL VALUES('ROD001','RO001','GRP003','COM001');
INSERT INTO ROOM_DETAIL_TBL VALUES('ROD002','RO001','GRP003','COM003');
INSERT INTO ROOM_DETAIL_TBL VALUES('ROD003','RO001','GRP003','COM002');

--2번방
INSERT INTO ROOM_DETAIL_TBL VALUES('ROD004','RO002','GRP003','COM007');
INSERT INTO ROOM_DETAIL_TBL VALUES('ROD005','RO002','GRP003','COM003');

--3번방
INSERT INTO ROOM_DETAIL_TBL VALUES('ROD006','RO003','GRP003','COM001');
INSERT INTO ROOM_DETAIL_TBL VALUES('ROD007','RO003','GRP003','COM004');

--4번방
INSERT INTO ROOM_DETAIL_TBL VALUES('ROD008','RO004','GRP003','COM004');
INSERT INTO ROOM_DETAIL_TBL VALUES('ROD009','RO004','GRP003','COM005');
INSERT INTO ROOM_DETAIL_TBL VALUES('ROD010','RO004','GRP003','COM001');

--5번방
INSERT INTO ROOM_DETAIL_TBL VALUES('ROD011','RO005','GRP003','COM006');
INSERT INTO ROOM_DETAIL_TBL VALUES('ROD012','RO005','GRP003','COM001');
INSERT INTO ROOM_DETAIL_TBL VALUES('ROD013','RO005','GRP003','COM004');


CREATE TABLE RESERVATION_TBL(
	 R_ID		CHAR(4)			PRIMARY KEY
	,CUST_ID	CHAR(4)			NOT NULL
	,R_DATE		DATE			NOT NULL
	,R_PRICE	NUMBER(8,0)		NOT NULL
	,R_PERSON	NUMBER(2,0)		NOT NULL
);

CREATE TABLE CANCLE_RESERVATION_TBL(
	 RC_ID		CHAR(5)			PRIMARY KEY
	,R_ID		CHAR(4)			NOT NULL
	,GUBUN		CHAR(1)			NOT NULL
	,RC_DATE	DATE			NOT NULL
);

CREATE TABLE RESERVATION_DETAIL_TBL(
	 RD_ID		CHAR(5)			PRIMARY KEY
	,RM_ID		CHAR(5)			NOT NULL
	,R_ID		CHAR(4)			NOT NULL
	,R_GUBUN	CHAR(1)			NULL
);

CREATE TABLE RESERVATION_MANAGE_TBL
(
    RM_ID			CHAR(5)       	PRIMARY KEY, --예약관리ID
    ROOM_ID			CHAR(5)      	NOT NULL, -- 방 ID
    RM_DATE 		DATE       		NOT NULL, -- 날짜
    RM_GUBUN		CHAR(1)    		NOT NULL, -- 예약가능여부
    RM_PRICE		NUMBER(8,0)    	NOT NULL, -- 금액
    RM_PERSON      	NUMBER(2,0)    	NOT NULL, -- 기본인원 
    RM_ADD_PERSON   NUMBER(2,0)    	NOT NULL, -- 추가가능 최대인원
    RM_ADD_PRICE   	NUMBER(8,0)      NOT NULL -- 추가인원별금액(예외)
);

--  4월 1일 예약 관리
INSERT INTO RESERVATION_MANAGE_TBL VALUES('RM001','RO001','2022-04-01','O','48000','4','2','10000');
INSERT INTO RESERVATION_MANAGE_TBL VALUES('RM002','RO002','2022-04-01','X','48000','4','2','25000');
INSERT INTO RESERVATION_MANAGE_TBL VALUES('RM003','RO003','2022-04-01','O','57000','6','2','22000');
INSERT INTO RESERVATION_MANAGE_TBL VALUES('RM004','RO004','2022-04-01','O','68000','6','4','4000');
INSERT INTO RESERVATION_MANAGE_TBL VALUES('RM005','RO005','2022-04-01','O','62000','6','2','10000');
INSERT INTO RESERVATION_MANAGE_TBL VALUES('RM006','RO006','2022-04-01','O','142000','2','0','0');
INSERT INTO RESERVATION_MANAGE_TBL VALUES('RM007','RO007','2022-04-01','O','55000','4','4','8000');
INSERT INTO RESERVATION_MANAGE_TBL VALUES('RM008','RO008','2022-04-01','O','43000','4','2','9000');
INSERT INTO RESERVATION_MANAGE_TBL VALUES('RM009','RO009','2022-04-01','O','46000','4','2','7000');
INSERT INTO RESERVATION_MANAGE_TBL VALUES('RM010','RO010','2022-04-01','O','90000','2','2','20000');
INSERT INTO RESERVATION_MANAGE_TBL VALUES('RM011','RO011','2022-04-01','O','94000','2','2','25000');
INSERT INTO RESERVATION_MANAGE_TBL VALUES('RM012','RO012','2022-04-01','O','98000','2','2','22000');
INSERT INTO RESERVATION_MANAGE_TBL VALUES('RM013','RO013','2022-04-01','O','102000','2','2','20000');

--  4월 2일 예약 관리 주말

INSERT INTO RESERVATION_MANAGE_TBL VALUES('RM014','RO001','2022-04-02','O','52800','4','2','10000');
INSERT INTO RESERVATION_MANAGE_TBL VALUES('RM015','RO002','2022-04-02','X','52800','4','2','25000');
INSERT INTO RESERVATION_MANAGE_TBL VALUES('RM016','RO003','2022-04-02','O','62700','6','2','22000');
INSERT INTO RESERVATION_MANAGE_TBL VALUES('RM017','RO004','2022-04-02','O','74800','6','4','4000');
INSERT INTO RESERVATION_MANAGE_TBL VALUES('RM018','RO005','2022-04-02','O','68200','6','2','10000');
INSERT INTO RESERVATION_MANAGE_TBL VALUES('RM019','RO006','2022-04-02','X','156000','2','0','0');
INSERT INTO RESERVATION_MANAGE_TBL VALUES('RM020','RO007','2022-04-02','O','60500','4','4','8000');
INSERT INTO RESERVATION_MANAGE_TBL VALUES('RM021','RO008','2022-04-02','O','47300','4','2','9000');
INSERT INTO RESERVATION_MANAGE_TBL VALUES('RM022','RO009','2022-04-02','O','50600','4','2','7000');
INSERT INTO RESERVATION_MANAGE_TBL VALUES('RM023','RO010','2022-04-02','O','99000','2','2','20000');
INSERT INTO RESERVATION_MANAGE_TBL VALUES('RM024','RO011','2022-04-02','O','103000','2','2','25000');
INSERT INTO RESERVATION_MANAGE_TBL VALUES('RM025','RO012','2022-04-02','O','107800','2','2','22000');
INSERT INTO RESERVATION_MANAGE_TBL VALUES('RM026','RO013','2022-04-02','O','112200','2','2','20000');



--  4월 3일 예약 관리 주말

INSERT INTO RESERVATION_MANAGE_TBL VALUES('RM027','RO001','2022-04-03','O','52800','4','2','10000');
INSERT INTO RESERVATION_MANAGE_TBL VALUES('RM028','RO002','2022-04-03','X','52800','4','2','25000');
INSERT INTO RESERVATION_MANAGE_TBL VALUES('RM029','RO003','2022-04-03','O','62700','6','2','22000');
INSERT INTO RESERVATION_MANAGE_TBL VALUES('RM030','RO004','2022-04-03','O','74800','6','4','4000');
INSERT INTO RESERVATION_MANAGE_TBL VALUES('RM031','RO005','2022-04-03','O','68200','6','2','10000');
INSERT INTO RESERVATION_MANAGE_TBL VALUES('RM032','RO006','2022-04-03','X','156000','2','0','0');
INSERT INTO RESERVATION_MANAGE_TBL VALUES('RM033','RO007','2022-04-03','O','60500','4','4','8000');
INSERT INTO RESERVATION_MANAGE_TBL VALUES('RM034','RO008','2022-04-03','O','47300','4','2','9000');
INSERT INTO RESERVATION_MANAGE_TBL VALUES('RM035','RO009','2022-04-03','O','50600','4','2','7000');
INSERT INTO RESERVATION_MANAGE_TBL VALUES('RM036','RO010','2022-04-03','O','99000','2','2','20000');
INSERT INTO RESERVATION_MANAGE_TBL VALUES('RM037','RO011','2022-04-03','O','103000','2','2','25000');
INSERT INTO RESERVATION_MANAGE_TBL VALUES('RM038','RO012','2022-04-03','O','107800','2','2','22000');
INSERT INTO RESERVATION_MANAGE_TBL VALUES('RM039','RO013','2022-04-03','O','112200','2','2','20000');




--  4월 4일 예약 관리

INSERT INTO RESERVATION_MANAGE_TBL VALUES('RM040','RO001','2022-04-04','O','48000','4','2','10000');
INSERT INTO RESERVATION_MANAGE_TBL VALUES('RM041','RO002','2022-04-04','O','48000','4','2','25000');
INSERT INTO RESERVATION_MANAGE_TBL VALUES('RM042','RO003','2022-04-04','O','57000','6','2','22000');
INSERT INTO RESERVATION_MANAGE_TBL VALUES('RM043','RO004','2022-04-04','O','68000','6','4','4000');
INSERT INTO RESERVATION_MANAGE_TBL VALUES('RM044','RO005','2022-04-04','O','62000','6','2','10000');
INSERT INTO RESERVATION_MANAGE_TBL VALUES('RM045','RO006','2022-04-04','O','142000','2','0','0');
INSERT INTO RESERVATION_MANAGE_TBL VALUES('RM046','RO007','2022-04-04','O','55000','4','4','8000');
INSERT INTO RESERVATION_MANAGE_TBL VALUES('RM047','RO008','2022-04-04','O','43000','4','2','9000');
INSERT INTO RESERVATION_MANAGE_TBL VALUES('RM048','RO009','2022-04-04','O','46000','4','2','7000');
INSERT INTO RESERVATION_MANAGE_TBL VALUES('RM049','RO010','2022-04-04','O','90000','2','2','20000');
INSERT INTO RESERVATION_MANAGE_TBL VALUES('RM050','RO011','2022-04-04','X','94000','2','2','25000');
INSERT INTO RESERVATION_MANAGE_TBL VALUES('RM051','RO012','2022-04-04','X','98000','2','2','22000');
INSERT INTO RESERVATION_MANAGE_TBL VALUES('RM052','RO013','2022-04-04','X','102000','2','2','20000');

--  4월 5일 예약 관리

INSERT INTO RESERVATION_MANAGE_TBL VALUES('RM053','RO001','2022-04-05','O','48000','4','2','10000');
INSERT INTO RESERVATION_MANAGE_TBL VALUES('RM054','RO002','2022-04-05','O','48000','4','2','25000');
INSERT INTO RESERVATION_MANAGE_TBL VALUES('RM055','RO003','2022-04-05','O','57000','6','2','22000');
INSERT INTO RESERVATION_MANAGE_TBL VALUES('RM056','RO004','2022-04-05','O','68000','6','4','4000');
INSERT INTO RESERVATION_MANAGE_TBL VALUES('RM057','RO005','2022-04-05','O','62000','6','2','10000');
INSERT INTO RESERVATION_MANAGE_TBL VALUES('RM058','RO006','2022-04-05','O','142000','2','0','0');
INSERT INTO RESERVATION_MANAGE_TBL VALUES('RM059','RO007','2022-04-05','O','55000','4','4','8000');
INSERT INTO RESERVATION_MANAGE_TBL VALUES('RM060','RO008','2022-04-05','O','43000','4','2','9000');
INSERT INTO RESERVATION_MANAGE_TBL VALUES('RM061','RO009','2022-04-05','O','46000','4','2','7000');
INSERT INTO RESERVATION_MANAGE_TBL VALUES('RM062','RO010','2022-04-05','O','90000','2','2','20000');
INSERT INTO RESERVATION_MANAGE_TBL VALUES('RM063','RO011','2022-04-05','X','94000','2','2','25000');
INSERT INTO RESERVATION_MANAGE_TBL VALUES('RM064','RO012','2022-04-05','X','98000','2','2','22000');
INSERT INTO RESERVATION_MANAGE_TBL VALUES('RM065','RO013','2022-04-05','X','102000','2','2','20000');


--  4월 6일 예약 관리

INSERT INTO RESERVATION_MANAGE_TBL VALUES('RM066','RO001','2022-04-06','O','48000','4','2','10000');
INSERT INTO RESERVATION_MANAGE_TBL VALUES('RM067','RO002','2022-04-06','O','48000','4','2','25000');
INSERT INTO RESERVATION_MANAGE_TBL VALUES('RM068','RO003','2022-04-06','O','57000','6','2','22000');
INSERT INTO RESERVATION_MANAGE_TBL VALUES('RM069','RO004','2022-04-06','O','68000','6','4','4000');
INSERT INTO RESERVATION_MANAGE_TBL VALUES('RM070','RO005','2022-04-06','O','62000','6','2','10000');
INSERT INTO RESERVATION_MANAGE_TBL VALUES('RM071','RO006','2022-04-06','O','142000','2','0','0');
INSERT INTO RESERVATION_MANAGE_TBL VALUES('RM072','RO007','2022-04-06','O','55000','4','4','8000');
INSERT INTO RESERVATION_MANAGE_TBL VALUES('RM073','RO008','2022-04-06','O','43000','4','2','9000');
INSERT INTO RESERVATION_MANAGE_TBL VALUES('RM074','RO009','2022-04-06','O','46000','4','2','7000');
INSERT INTO RESERVATION_MANAGE_TBL VALUES('RM075','RO010','2022-04-06','O','90000','2','2','20000');
INSERT INTO RESERVATION_MANAGE_TBL VALUES('RM076','RO011','2022-04-06','O','94000','2','2','25000');
INSERT INTO RESERVATION_MANAGE_TBL VALUES('RM077','RO012','2022-04-06','O','98000','2','2','22000');
INSERT INTO RESERVATION_MANAGE_TBL VALUES('RM078','RO013','2022-04-06','X','102000','2','2','20000');



--  4월 7일 예약 관리

INSERT INTO RESERVATION_MANAGE_TBL VALUES('RM079','RO001','2022-04-07','O','48000','4','2','10000');
INSERT INTO RESERVATION_MANAGE_TBL VALUES('RM080','RO002','2022-04-07','O','48000','4','2','25000');
INSERT INTO RESERVATION_MANAGE_TBL VALUES('RM081','RO003','2022-04-07','O','57000','6','2','22000');
INSERT INTO RESERVATION_MANAGE_TBL VALUES('RM082','RO004','2022-04-07','X','68000','6','4','4000');
INSERT INTO RESERVATION_MANAGE_TBL VALUES('RM083','RO005','2022-04-07','X','62000','6','2','10000');
INSERT INTO RESERVATION_MANAGE_TBL VALUES('RM084','RO006','2022-04-07','O','142000','2','0','0');
INSERT INTO RESERVATION_MANAGE_TBL VALUES('RM085','RO007','2022-04-07','X','55000','4','4','8000');
INSERT INTO RESERVATION_MANAGE_TBL VALUES('RM086','RO008','2022-04-07','O','43000','4','2','9000');
INSERT INTO RESERVATION_MANAGE_TBL VALUES('RM087','RO009','2022-04-07','O','46000','4','2','7000');
INSERT INTO RESERVATION_MANAGE_TBL VALUES('RM088','RO010','2022-04-07','O','90000','2','2','20000');
INSERT INTO RESERVATION_MANAGE_TBL VALUES('RM089','RO011','2022-04-07','O','94000','2','2','25000');
INSERT INTO RESERVATION_MANAGE_TBL VALUES('RM090','RO012','2022-04-07','O','98000','2','2','22000');
INSERT INTO RESERVATION_MANAGE_TBL VALUES('RM091','RO013','2022-04-07','O','102000','2','2','20000');


--  4월 8일 예약 관리

INSERT INTO RESERVATION_MANAGE_TBL VALUES('RM092','RO001','2022-04-08','O','48000','4','2','10000');
INSERT INTO RESERVATION_MANAGE_TBL VALUES('RM093','RO002','2022-04-08','O','48000','4','2','25000');
INSERT INTO RESERVATION_MANAGE_TBL VALUES('RM094','RO003','2022-04-08','X','57000','6','2','22000');
INSERT INTO RESERVATION_MANAGE_TBL VALUES('RM095','RO004','2022-04-08','X','68000','6','4','4000');
INSERT INTO RESERVATION_MANAGE_TBL VALUES('RM096','RO005','2022-04-08','O','62000','6','2','10000');
INSERT INTO RESERVATION_MANAGE_TBL VALUES('RM097','RO006','2022-04-08','O','142000','2','0','0');
INSERT INTO RESERVATION_MANAGE_TBL VALUES('RM098','RO007','2022-04-08','X','55000','4','4','8000');
INSERT INTO RESERVATION_MANAGE_TBL VALUES('RM099','RO008','2022-04-08','O','43000','4','2','9000');
INSERT INTO RESERVATION_MANAGE_TBL VALUES('RM100','RO009','2022-04-08','O','46000','4','2','7000');
INSERT INTO RESERVATION_MANAGE_TBL VALUES('RM101','RO010','2022-04-08','O','90000','2','2','20000');
INSERT INTO RESERVATION_MANAGE_TBL VALUES('RM102','RO011','2022-04-08','O','94000','2','2','25000');
INSERT INTO RESERVATION_MANAGE_TBL VALUES('RM103','RO012','2022-04-08','O','98000','2','2','22000');
INSERT INTO RESERVATION_MANAGE_TBL VALUES('RM104','RO013','2022-04-08','O','102000','2','2','20000');



--  4월 9일 예약 관리 주말

INSERT INTO RESERVATION_MANAGE_TBL VALUES('RM105','RO001','2022-04-09','O','52800','4','2','10000');
INSERT INTO RESERVATION_MANAGE_TBL VALUES('RM106','RO002','2022-04-09','O','52800','4','2','25000');
INSERT INTO RESERVATION_MANAGE_TBL VALUES('RM107','RO003','2022-04-09','O','62700','6','2','22000');
INSERT INTO RESERVATION_MANAGE_TBL VALUES('RM108','RO004','2022-04-09','O','74800','6','4','4000');
INSERT INTO RESERVATION_MANAGE_TBL VALUES('RM109','RO005','2022-04-09','O','68200','6','2','10000');
INSERT INTO RESERVATION_MANAGE_TBL VALUES('RM110','RO006','2022-04-09','X','156000','2','0','0');
INSERT INTO RESERVATION_MANAGE_TBL VALUES('RM111','RO007','2022-04-09','X','60500','4','4','8000');
INSERT INTO RESERVATION_MANAGE_TBL VALUES('RM112','RO008','2022-04-09','X','47300','4','2','9000');
INSERT INTO RESERVATION_MANAGE_TBL VALUES('RM113','RO009','2022-04-09','X','50600','4','2','7000');
INSERT INTO RESERVATION_MANAGE_TBL VALUES('RM114','RO010','2022-04-09','X','99000','2','2','20000');
INSERT INTO RESERVATION_MANAGE_TBL VALUES('RM115','RO011','2022-04-09','O','103000','2','2','25000');
INSERT INTO RESERVATION_MANAGE_TBL VALUES('RM116','RO012','2022-04-09','O','107800','2','2','22000');
INSERT INTO RESERVATION_MANAGE_TBL VALUES('RM117','RO013','2022-04-09','O','112200','2','2','20000');



--  4월 10일 예약 관리 주말

INSERT INTO RESERVATION_MANAGE_TBL VALUES('RM118','RO001','2022-04-10','O','52800','4','2','10000');
INSERT INTO RESERVATION_MANAGE_TBL VALUES('RM119','RO002','2022-04-10','O','52800','4','2','25000');
INSERT INTO RESERVATION_MANAGE_TBL VALUES('RM120','RO003','2022-04-10','O','62700','6','2','22000');
INSERT INTO RESERVATION_MANAGE_TBL VALUES('RM121','RO004','2022-04-10','O','74800','6','4','4000');
INSERT INTO RESERVATION_MANAGE_TBL VALUES('RM122','RO005','2022-04-10','O','68200','6','2','10000');
INSERT INTO RESERVATION_MANAGE_TBL VALUES('RM123','RO006','2022-04-10','X','156000','2','0','0');
INSERT INTO RESERVATION_MANAGE_TBL VALUES('RM124','RO007','2022-04-10','X','60500','4','4','8000');
INSERT INTO RESERVATION_MANAGE_TBL VALUES('RM125','RO008','2022-04-10','X','47300','4','2','9000');
INSERT INTO RESERVATION_MANAGE_TBL VALUES('RM126','RO009','2022-04-10','X','50600','4','2','7000');
INSERT INTO RESERVATION_MANAGE_TBL VALUES('RM127','RO010','2022-04-10','X','99000','2','2','20000');
INSERT INTO RESERVATION_MANAGE_TBL VALUES('RM128','RO011','2022-04-10','O','103000','2','2','25000');
INSERT INTO RESERVATION_MANAGE_TBL VALUES('RM129','RO012','2022-04-10','O','107800','2','2','22000');
INSERT INTO RESERVATION_MANAGE_TBL VALUES('RM130','RO013','2022-04-10','O','112200','2','2','20000');



--  4월 11일 예약 관리

INSERT INTO RESERVATION_MANAGE_TBL VALUES('RM131','RO001','2022-04-11','O','48000','4','2','10000');
INSERT INTO RESERVATION_MANAGE_TBL VALUES('RM132','RO002','2022-04-11','O','48000','4','2','25000');
INSERT INTO RESERVATION_MANAGE_TBL VALUES('RM133','RO003','2022-04-11','X','57000','6','2','22000');
INSERT INTO RESERVATION_MANAGE_TBL VALUES('RM134','RO004','2022-04-11','O','68000','6','4','4000');
INSERT INTO RESERVATION_MANAGE_TBL VALUES('RM135','RO005','2022-04-11','O','62000','6','2','10000');
INSERT INTO RESERVATION_MANAGE_TBL VALUES('RM136','RO006','2022-04-11','O','142000','2','0','0');
INSERT INTO RESERVATION_MANAGE_TBL VALUES('RM137','RO007','2022-04-11','O','55000','4','4','8000');
INSERT INTO RESERVATION_MANAGE_TBL VALUES('RM138','RO008','2022-04-11','O','43000','4','2','9000');
INSERT INTO RESERVATION_MANAGE_TBL VALUES('RM139','RO009','2022-04-11','O','46000','4','2','7000');
INSERT INTO RESERVATION_MANAGE_TBL VALUES('RM140','RO010','2022-04-11','O','90000','2','2','20000');
INSERT INTO RESERVATION_MANAGE_TBL VALUES('RM141','RO011','2022-04-11','O','94000','2','2','25000');
INSERT INTO RESERVATION_MANAGE_TBL VALUES('RM142','RO012','2022-04-11','O','98000','2','2','22000');
INSERT INTO RESERVATION_MANAGE_TBL VALUES('RM143','RO013','2022-04-11','O','102000','2','2','20000');


--  4월 12일 예약 관리

INSERT INTO RESERVATION_MANAGE_TBL VALUES('RM144','RO001','2022-04-12','O','48000','4','2','10000');
INSERT INTO RESERVATION_MANAGE_TBL VALUES('RM145','RO002','2022-04-12','O','48000','4','2','25000');
INSERT INTO RESERVATION_MANAGE_TBL VALUES('RM146','RO003','2022-04-12','X','57000','6','2','22000');
INSERT INTO RESERVATION_MANAGE_TBL VALUES('RM147','RO004','2022-04-12','O','68000','6','4','4000');
INSERT INTO RESERVATION_MANAGE_TBL VALUES('RM148','RO005','2022-04-12','O','62000','6','2','10000');
INSERT INTO RESERVATION_MANAGE_TBL VALUES('RM149','RO006','2022-04-12','O','142000','2','0','0');
INSERT INTO RESERVATION_MANAGE_TBL VALUES('RM150','RO007','2022-04-12','O','55000','4','4','8000');
INSERT INTO RESERVATION_MANAGE_TBL VALUES('RM151','RO008','2022-04-12','O','43000','4','2','9000');
INSERT INTO RESERVATION_MANAGE_TBL VALUES('RM152','RO009','2022-04-12','O','46000','4','2','7000');
INSERT INTO RESERVATION_MANAGE_TBL VALUES('RM153','RO010','2022-04-12','O','90000','2','2','20000');
INSERT INTO RESERVATION_MANAGE_TBL VALUES('RM154','RO011','2022-04-12','O','94000','2','2','25000');
INSERT INTO RESERVATION_MANAGE_TBL VALUES('RM155','RO012','2022-04-12','O','98000','2','2','22000');
INSERT INTO RESERVATION_MANAGE_TBL VALUES('RM156','RO013','2022-04-12','O','102000','2','2','20000');



--  4월 13일 예약 관리

INSERT INTO RESERVATION_MANAGE_TBL VALUES('RM157','RO001','2022-04-13','O','48000','4','2','10000');
INSERT INTO RESERVATION_MANAGE_TBL VALUES('RM158','RO002','2022-04-13','O','48000','4','2','25000');
INSERT INTO RESERVATION_MANAGE_TBL VALUES('RM159','RO003','2022-04-13','O','57000','6','2','22000');
INSERT INTO RESERVATION_MANAGE_TBL VALUES('RM160','RO004','2022-04-13','O','68000','6','4','4000');
INSERT INTO RESERVATION_MANAGE_TBL VALUES('RM161','RO005','2022-04-13','O','62000','6','2','10000');
INSERT INTO RESERVATION_MANAGE_TBL VALUES('RM162','RO006','2022-04-13','O','142000','2','0','0');
INSERT INTO RESERVATION_MANAGE_TBL VALUES('RM163','RO007','2022-04-13','O','55000','4','4','8000');
INSERT INTO RESERVATION_MANAGE_TBL VALUES('RM164','RO008','2022-04-13','O','43000','4','2','9000');
INSERT INTO RESERVATION_MANAGE_TBL VALUES('RM165','RO009','2022-04-13','O','46000','4','2','7000');
INSERT INTO RESERVATION_MANAGE_TBL VALUES('RM166','RO010','2022-04-13','O','90000','2','2','20000');
INSERT INTO RESERVATION_MANAGE_TBL VALUES('RM167','RO011','2022-04-13','O','94000','2','2','25000');
INSERT INTO RESERVATION_MANAGE_TBL VALUES('RM168','RO012','2022-04-13','O','98000','2','2','22000');
INSERT INTO RESERVATION_MANAGE_TBL VALUES('RM169','RO013','2022-04-13','X','102000','2','2','20000');

--  4월 14일 예약 관리

INSERT INTO RESERVATION_MANAGE_TBL VALUES('RM170','RO001','2022-04-14','O','48000','4','2','10000');
INSERT INTO RESERVATION_MANAGE_TBL VALUES('RM171','RO002','2022-04-14','O','48000','4','2','25000');
INSERT INTO RESERVATION_MANAGE_TBL VALUES('RM172','RO003','2022-04-14','O','57000','6','2','22000');
INSERT INTO RESERVATION_MANAGE_TBL VALUES('RM173','RO004','2022-04-14','O','68000','6','4','4000');
INSERT INTO RESERVATION_MANAGE_TBL VALUES('RM174','RO005','2022-04-14','O','62000','6','2','10000');
INSERT INTO RESERVATION_MANAGE_TBL VALUES('RM175','RO006','2022-04-14','O','142000','2','0','0');
INSERT INTO RESERVATION_MANAGE_TBL VALUES('RM176','RO007','2022-04-14','O','55000','4','4','8000');
INSERT INTO RESERVATION_MANAGE_TBL VALUES('RM177','RO008','2022-04-14','O','43000','4','2','9000');
INSERT INTO RESERVATION_MANAGE_TBL VALUES('RM178','RO009','2022-04-14','O','46000','4','2','7000');
INSERT INTO RESERVATION_MANAGE_TBL VALUES('RM179','RO010','2022-04-14','O','90000','2','2','20000');
INSERT INTO RESERVATION_MANAGE_TBL VALUES('RM180','RO011','2022-04-14','O','94000','2','2','25000');
INSERT INTO RESERVATION_MANAGE_TBL VALUES('RM181','RO012','2022-04-14','O','98000','2','2','22000');
INSERT INTO RESERVATION_MANAGE_TBL VALUES('RM182','RO013','2022-04-14','X','102000','2','2','20000');

--  4월 15일 예약 관리

INSERT INTO RESERVATION_MANAGE_TBL VALUES('RM183','RO001','2022-04-15','O','48000','4','2','10000');
INSERT INTO RESERVATION_MANAGE_TBL VALUES('RM184','RO002','2022-04-15','O','48000','4','2','25000');
INSERT INTO RESERVATION_MANAGE_TBL VALUES('RM185','RO003','2022-04-15','O','57000','6','2','22000');
INSERT INTO RESERVATION_MANAGE_TBL VALUES('RM186','RO004','2022-04-15','O','68000','6','4','4000');
INSERT INTO RESERVATION_MANAGE_TBL VALUES('RM187','RO005','2022-04-15','O','62000','6','2','10000');
INSERT INTO RESERVATION_MANAGE_TBL VALUES('RM188','RO006','2022-04-15','O','142000','2','0','0');
INSERT INTO RESERVATION_MANAGE_TBL VALUES('RM189','RO007','2022-04-15','X','55000','4','4','8000');
INSERT INTO RESERVATION_MANAGE_TBL VALUES('RM190','RO008','2022-04-15','O','43000','4','2','9000');
INSERT INTO RESERVATION_MANAGE_TBL VALUES('RM191','RO009','2022-04-15','O','46000','4','2','7000');
INSERT INTO RESERVATION_MANAGE_TBL VALUES('RM192','RO010','2022-04-15','O','90000','2','2','20000');
INSERT INTO RESERVATION_MANAGE_TBL VALUES('RM193','RO011','2022-04-15','O','94000','2','2','25000');
INSERT INTO RESERVATION_MANAGE_TBL VALUES('RM194','RO012','2022-04-15','O','98000','2','2','22000');
INSERT INTO RESERVATION_MANAGE_TBL VALUES('RM195','RO013','2022-04-15','O','102000','2','2','20000');


CREATE TABLE CHECK_TBL(
	 CHK_ID			CHAR(6)			PRIMARY KEY
	,R_ID			CHAR(4)			NOT NULL
	,CHECK_TIME		DATE			NOT NULL
	,CHECK_GUBUN	CHAR(1)			NOT NULL
);




